indice_tiempo,ventas_totales_precios_corrientes,ventas_gba_precios_corrientes,ventas_resto_precios_corrientes,ventas_totales_precios_constantes,ventas_gba_precios_constantes,ventas_resto_precios_constantes,ventas_totales_precios_constantes_original,ventas_totales_precios_constantes_desestacionalizada,ventas_totales_precios_constantes_tendencia_ciclo,total,indumentaria_calzado_marroquineria,ropa_accesorios_deportivos,amoblamientos_decoracion_textiles_hogar,patio_comidas,electronicos_electrodomesticos_computacion,jugueteria,libreria_papeleria,diversion_esparcimiento,perfumeria_farmacia,otros
2017-01-01,6366.880791,3898.707268,2468.173523,6344.563229245913,3898.7171133442002,2445.846115901715,85.43118332804933,94.8145608741031,94.1930419379974,6366880791.000001,2257672722.0000005,514604833.0,256062858.0,1000046838.0000001,1160863856.0000002,89627070.0,106686034.00000001,366121606.00000006,215480712.99999994,399714261.0
2017-02-01,5886.706659,3586.495694,2300.210965,5843.476007679589,3580.982556278354,2262.4934514012357,78.6839144078429,93.8484164847102,94.8298371028797,5886706658.999999,2130014041.0,562017186.9999999,231662194.0,995554435.0,818974714.0000001,59524171.0,101866339.00000001,415156976.00000006,199176194.0,372760408.00000006
2017-03-01,6635.467651,4151.904783,2483.562868,6430.963258762787,4024.9970937258663,2405.966165036922,86.59458205141301,94.666659796479,95.5934843152546,6635467651.0,2630347392.9999995,723755643.0,244040588.99999997,959655013.0,920635721.0,63694075.0,117938183.00000001,350569687.0,223806121.00000003,401025226.00000006
2017-04-01,7644.785923,4766.023077,2878.762846,7161.302797529333,4450.829350658328,2710.473446871004,96.42879266192081,99.1893180926344,96.5320523920019,7644785922.999999,3228127576.9999995,757833375.0,270761604.0,1044945587.0000001,1039823476.9999999,67336482.99999999,96243142.0,488068353.0,215679821.0,435966504.0000001
2017-05-01,7244.804581,4534.99016,2709.814421,6714.174462014272,4206.383081255713,2507.7913807585587,90.40809408546534,96.3852258321168,97.6846201960748,7244804581.0,3093100744.9999995,715865481.0,265061717.0,971811407.0,1071616723.0000001,68958633.0,84931264.99999999,331738540.0,221276490.0,420443580.0
2017-06-01,8361.616056,5212.857854,3148.758202,7669.81761849314,4789.996049537881,2879.8215689552603,103.27607612731906,97.4169323991484,99.0920371746251,8361616056.000001,3666801341.0,886456804.9999999,286107485.00000006,1070407550.0000001,1201307585.0,74206111.0,95952120.99999999,325597226.00000006,273071920.00000006,481707912.00000006
2017-07-01,9514.740029,5886.875555,3627.864474,8677.748894967424,5391.707670010159,3286.0412249572655,116.84813121625288,101.568732574243,100.641048965732,9514740028.999998,3558814305.9999995,895316217.0,353307397.0,1564574314.9999998,1333933010.0,101687962.0,110886070.0,803373776.0,265155284.0,527691691.9999999
2017-08-01,7918.204194,4902.577081,3015.627113,7232.999154418623,4503.459788768443,2729.539365650179,97.39420263389933,101.240161988337,102.003411364207,7918204193.999999,2906761538.0,846562413.0,295084218.0,1145563569.0000002,1311693640.0,165807415.0,108521505.00000001,395950418.0,248865616.00000006,493393862.0
2017-09-01,7767.509914,4866.615105,2900.894809,6860.850899032721,4290.973398024693,2569.8775010080294,92.38313021136702,106.423175492299,102.958235568308,7767509914.0,3162608033.0,793325274.0,275210765.00000006,1149208389.0,1100996129.0,67021903.99999999,86280473.0,385098701.0,261979109.0,485781137.00000006
2017-10-01,9137.016455,5663.939275,3473.07718,7973.668453952866,4947.665193113101,3026.0032608397646,107.36750614237245,103.692592170874,103.33777798855,9137016455.0,3877949612.0,917583573.9999999,318795580.0,1158005838.0,1440137218.0,71358851.0,97586812.99999999,297367362.99999994,354965428.00000006,603266178.0
2017-11-01,7829.325947,4851.627744,2977.698203,6736.722596789992,4183.049690911844,2553.6729058781493,90.71171054669793,103.097267890045,103.208075834454,7829325946.999999,3399514316.0,689883980.0,304052054.0,1109747131.0,1126565580.0000002,76697119.0,85885344.0,277434927.0,253907352.0,505638143.99999994
2017-12-01,13403.85438,8521.188468,4882.665912,11471.942979371492,7322.22576506123,4149.7172143102625,154.47267658740006,108.687106642516,102.956648373926,13403854380.0,6194147355.000001,1146605579.0,467355299.0,1450800913.0,2023945253.0000002,290872063.0,191889737.00000003,294614382.0,462900248.00000006,880723551.0
2018-01-01,7940.769577,4735.008552,3205.761025,6707.794887458697,4025.3359493573857,2682.4589381013125,90.32219146558128,100.123607299186,103.168988529959,7940769577.000001,2693822023.0000005,648123522.0,323996732.0,1322773499.0000002,1423559086.0000002,107149516.99999999,128113603.99999999,503877216.00000006,233487827.99999997,555866550.0
2018-02-01,7458.260429,4455.276921,3002.983508,6260.815753766728,3767.9813670463664,2492.8343867203603,84.30350193022772,99.2021095758777,104.026303372604,7458260429.0,2569686509.0,732183948.0,321622290.99999994,1224828110.0,1205914788.0000002,71757523.0,122099421.0,451957084.99999994,231191410.0,527019344.00000006
2018-03-01,9105.067948,5631.146279,3473.921669,7443.333150275049,4601.514904637899,2841.81824563715,100.22640423877911,102.783759989704,105.236514435439,9105067947.999998,3568048958.9999995,1013439317.0,339078083.00000006,1285119891.9999998,1475753031.0,78721864.0,148174515.0,324016168.0,266632300.0,606083819.0000001
2018-04-01,9404.165954,5824.30245,3579.863504,7484.0602567324795,4643.599115039998,2840.4611416924795,100.77480525118405,109.014602503994,106.232894535231,9404165954.0,3716924622.0,939793004.0,352457431.0,1287831747.0,1632440904.9999998,85049640.0,111210433.99999999,423446359.0,259772255.00000003,595239556.9999999
2018-05-01,9597.195634,5983.979913,3613.215721,7466.687204294084,4669.199794238343,2797.48741005574,100.54087261087388,108.945475815932,106.323601190751,9597195634.0,3753658314.0000005,939435733.9999999,354413257.0,1243838832.0,1840443258.0,88443543.0,95570634.00000003,423202401.99999994,265881083.0,592308577.0000001
2018-06-01,11098.072767,6870.58341,4227.489357,8372.979403201263,5197.365801163627,3175.613602037636,112.74433125665094,105.971473085902,105.123588266466,11098072767.000002,4694929679.0,1258562855.0000002,365854371.0,1395162554.9999998,1672315525.0000002,98041330.99999999,111432110.0,496802560.99999994,332074945.0,672896835.0000001
2018-07-01,11687.773288,7263.658354,4424.114934,8581.094979951506,5361.122618947954,3219.9723610035526,115.54666127502256,102.452306891861,102.597494517447,11687773287.999998,4457279132.000001,1193801645.0,426597859.0,1925383007.0,1355222943.0,136176217.0,135871168.0,983393142.9999999,331942711.00000006,742105463.0
2018-08-01,9757.202754,6060.819494,3696.38326,7083.9162047948685,4420.724090066473,2663.192114728396,95.38676219392013,98.9787780382688,99.315683758916,9757202753.999998,3678603382.0,1082870693.0,403048533.99999994,1428678063.0,1336733316.0,211199746.99999997,139595741.0,455183881.0,330198326.0,691091071.0
2018-09-01,9054.234271,5709.850147,3344.384124,5972.879010367715,3738.415850570926,2234.4631597967873,80.4263592770011,89.9793813070872,95.9981569212382,9054234271.000002,3744125872.0,959898449.0,347692669.99999994,1359919939.0,1042569882.0,83442351.0,110282336.0,393788199.99999994,341622627.0,670891945.0
2018-10-01,10623.381367,6613.695764,4009.685603,6739.957456035338,4170.308166388187,2569.6492896471523,90.7552687623298,87.5290055252345,93.203086689156,10623381366.999998,4731023045.999999,1113425501.9999998,372025037.99999994,1390961860.9999998,1226949349.0000002,80714437.0,124716920.99999999,324649212.00000006,477245301.0,781670699.9999999
2018-11-01,9438.318097,5896.009503,3542.308594,5832.333074738961,3626.6338086045553,2205.6992661344043,78.53387193644396,90.2528258699365,91.2597914666872,9438318097.0,4195184196.9999995,891095274.9999999,376572003.00000006,1403561700.0,973506987.0000001,91503332.00000001,115858169.0,356187207.00000006,339906481.00000006,694942746.0
2018-12-01,16847.392624,10779.863542,6067.529082,10320.030395575057,6596.558253871794,3723.4721417032615,138.96187599035142,94.7361575301532,90.195430470626,16847392623.999996,8184598786.0,1766856944.0,566824518.0,1850582482.9999998,1675054819.0000002,343790109.0,279754609.0,366695579.0,652362990.0,1160871787.0
2019-01-01,10001.145588,5983.150497,4017.995091,5983.0415140438745,3587.8895250797304,2395.1519889641445,80.56320001500936,92.3129965044593,89.9245324792668,10001145588.000002,3613038454.0000005,942236457.9999999,461035150.00000006,1698016633.0,1220063878.0,134568085.0,180371679.0,644036735.0,349106386.00000006,758672130.0000001
2019-02-01,9122.768289,5522.600489,3600.1678,5373.190357427512,3258.107838590639,2115.082518836874,72.3513966045628,87.9160449370925,90.3541870809417,9122768289.0,3369160304.0,1041461352.9999999,419322831.0,1522825858.0,1063712735.0000001,85272231.99999999,158438239.0,415922159.99999994,343392716.0,703259861.0
2019-03-01,11715.034874,7226.472942,4488.561932,6570.525984360569,4031.9943060672604,2538.5316782933096,88.47383021483995,90.8219317720879,91.2044056081051,11715034873.999998,4676101920.000001,1470267182.9999998,497764080.0000001,1691796925.0,1385962444.0,99999621.0,196894740.99999994,470771976.99999994,414719823.0,810756159.9999999
2019-04-01,11264.050872,7059.036017,4205.014855,5992.929194895579,3737.9295775519827,2254.999617343594,80.69634019267158,87.5386063681405,92.1220984458078,11264050872.0,4597968298.000001,1292363204.0000002,440090901.0,1621048103.9999998,1180877857.0,96175533.0,150968204.99999997,705280855.0000001,410109293.99999994,769168621.0
2019-05-01,12324.106448,7688.79128,4635.315168,6354.646679685772,3954.083037513793,2400.5636421719805,85.56695959380328,94.6508937806925,92.7961723340603,12324106448.0,5108637971.0,1399384130.0000002,490189242.00000006,1695702429.0,1454189083.0000002,99611191.99999999,137558604.0,662236332.0000001,449073489.0,827523976.0
2019-06-01,15925.691025,9937.405475,5988.28555,8025.123958766578,5012.385279719374,3012.738679047205,108.06036781088166,98.5457949942603,93.1256747830789,15925691025.000002,6672358811.000002,1863308373.0,561972596.0000001,2123808021.0000002,1877157156.9999998,135264843.99999997,174767930.99999997,927795212.0000001,587586352.0,1001671728.0
2019-07-01,15944.008849,9868.275692,6075.733157,7888.942641571325,4906.740643808045,2982.201997763279,106.22665118535666,94.5577183513159,93.305216248902,15944008849.000002,6034942158.000001,1708344011.9999998,591146271.0,2597287631.9999995,1785095243.0,157705617.0,172613703.99999997,1374184419.0,520012343.0,1002677450.0
2019-08-01,13988.213987,8843.401688,5144.812299,6618.966965416672,4204.487271898622,2414.4796935180498,89.12610054199473,91.2422480697397,93.5996321552453,13988213987.000002,5188232667.0,1655911187.0000002,562271338.0,2084611571.0,1791834666.9999998,258422286.99999997,188332230.0,698888405.9999999,546726096.0000001,1012983538.0000001
2019-09-01,13161.955586,8337.879094,4824.076492,5746.010061916869,3627.1383674672593,2118.871694449611,77.37151026277674,87.3149176484029,94.2236925797422,13161955586.0,5354604842.0,1562620591.0,499352436.99999994,1922844552.0000002,1495455894.9999998,104442225.99999999,147824482.00000003,516005662.0,576315166.0000001,982489733.0
2019-10-01,16902.218476,10732.328941,6169.889535,7088.620357394009,4483.337342923034,2605.2830144709783,95.45010482422883,93.294543949893,95.093730993969,16902218475.999998,7118969547.999999,1869321885.0,630125701.9999999,2156089695.0,2040627482.0,115409804.00000001,184506882.0,663976007.0,808626583.0000001,1314564888.0000002
2019-11-01,14976.718514,9527.068704,5449.64981,6059.640630749443,3847.8470763058053,2211.7935544436373,81.59462691479577,90.6861827737082,95.3152854296943,14976718514.0,6683513878.000001,1465981152.0000002,606486145.0,2113445608.0,1601604002.0,121340340.0,164493708.99999997,472927768.99999994,606019727.0,1140906184.0
2019-12-01,24345.884841,15936.350466,8409.534375,9623.763279824532,6285.427128754598,3338.336151069933,129.58645936012815,87.5507580652063,93.4885125954307,24345884841.000008,11725309514.0,2538364197.9999995,872983492.0,2695757975.0,2259799176.0,480019477.0,385886532.99999994,425694613.0,1071890544.0000001,1890179319.0
2020-01-01,15127.642934,9159.313548,5968.329386,5839.046049453451,3544.2289885487376,2294.8170609047143,78.62426387561898,90.3342691260496,88.1826397425672,15127642934.0,5562698216.000001,1547783811.0,655795375.0,2517475806.0000005,1657913793.0000005,191188913.0,244363990.00000003,908582883.9999999,593374216.9999999,1248465929.0000002
2020-02-01,15782.356613,9559.480613,6222.876,5977.5462990609085,3627.086871229517,2350.4594278313916,80.48920552529052,93.2708480463144,78.6674644520995,15782356613.0,5943445977.0,1945222836.0,718067769.0,2582165442.0,1500440313.0,142474160.0,244422066.99999997,775002142.9999999,615381455.0,1315734451.0
2020-03-01,7906.393272,4972.214843,2934.178429,2867.4760296259424,1808.151248931525,1059.3247806944173,38.61130569974273,43.9207361477441,65.3579396400974,7906393272.0,2913200171.0,1020086358.9999999,372829159.00000006,1139797040.0,904031389.9999999,65482502.0,136820253.0,213930598.00000003,421450978.00000006,718764822.0000001
2020-04-01,360.682821,199.677181,161.00564,112.66617147322924,63.421559141879364,49.24461233134988,1.517079112023114,11.8564695896459,50.0498619328043,360682821.0,4779847.0,381753.00000000006,36368867.0,73371637.00000001,1195824.0,194944.0,1605325.9999999998,,133671035.99999999,109113587.0
2020-05-01,900.569514,250.741687,649.827827,297.892061844856,81.2762533980014,216.61580844685463,4.0111935885716274,8.47570447360299,35.3387245552677,900569513.9999999,170871204.0,97898592.0,111350809.0,207465311.0,56280312.99999999,2287808.9999999995,9024501.0,,151161142.99999997,94229831.99999997
2020-06-01,2880.13057,384.389393,2495.741177,924.6609722675433,121.60081991986661,803.060152347677,12.450798925597564,6.45132689051522,23.9206859009831,2880130570.0,946922182.0,491156918.0,235164139.99999997,350476963.99999994,303979514.00000006,13144984.0,28039681.000000004,,213076648.0,298169539.0
2020-07-01,4379.965608,419.098846,3960.866762,1341.5613573268972,131.67314469553773,1209.888212631359,18.064470338211606,8.43887747387356,17.7734813572969,4379965608.0,1497540942.0,610847273.0000001,441167836.99999994,495231924.0,543845193.0,34590923.0,46601254.0,,270404881.0,439735381.0
2020-08-01,4755.124169,858.718251,3896.405918,1406.7975821074826,261.0523087626705,1145.7452733448122,18.942892962036957,18.9686024348386,17.564134625046,4755124169.000001,1519936527.0,754535545.0,462264322.00000006,557869407.0,648676532.0,79598416.0,67126833.0,,313404039.0,351712548.0
2020-09-01,3853.069932,1091.006679,2762.063253,1097.3526681056276,317.66227022482,779.6903978808076,14.7761372338941,26.0077889981283,22.4718372253087,3853069931.9999995,1177852002.0,667270831.0,366041961.99999994,504654749.0000001,527926880.0,26631046.0,36450459.0,,283796276.0,262445727.00000003
2020-10-01,8605.571329,3897.66007,4707.911259,2319.5387333577337,1054.4718645966202,1265.0668687611135,31.233188417534052,25.9990594949986,30.5837597806457,8605571329.0,3373030844.0,1339128745.0000002,625487539.0000001,712014069.0,1135277864.0000002,56829241.0,88313075.0,,585288964.0000001,690200988.0
2020-11-01,12700.320398,7337.226042,5363.094356,3302.8525059023978,1913.1218338725344,1389.7306720298636,44.473762454849386,49.643420591676,39.5410983859228,12700320398.000002,5222285665.000001,1757604863.0,843346056.9999999,1116205106.0,1833026289.9999998,113146242.99999997,133790219.00000001,4515852.0,594504925.0000001,1081895177.9999998
2020-12-01,26223.110991,15491.905715,10731.205276,6634.6066202577595,3904.07228215408,2730.53433810368,89.33669253574419,50.5143456927786,47.3248240980536,26223110991.0,12634874555.0,3490733386.0,1100187668.0,1915016864.0000002,2754053735.0,531625881.00000006,373380549.0,36601068.0,1304755336.0000002,2081881948.9999995
2021-01-01,16266.212644,8966.459059,7299.753585,4000.5461921730416,2209.122841763547,1791.4233504094943,53.868388225754394,61.3807027000264,52.7367552743859,16266212644.000002,6085616418.0,1963316661.0,913983515.0000001,2042929616.0000002,2480862673.0,233800830.00000003,256881275.99999997,109532137.0,737555559.0,1441733958.9999998
2021-02-01,16781.420571,9316.719876,7464.700695,4002.777516516299,2229.3184890765747,1773.459027439724,53.898433584614466,62.4112702573874,55.5101143866824,16781420571.000002,6119692993.000001,2413197869.9999995,895479912.0000001,2056192091.9999998,2487128363.0,167825176.99999997,256166456.99999997,127762186.0,798908750.9999999,1459066770.0
2021-03-01,20818.376389,11976.066589,8842.3098,4586.398109808373,2596.0907090212145,1990.30740078716,61.75703568187597,66.4294915536446,56.2790897488153,20818376389.000004,7988569841.0,2791633797.0000005,1006287147.0,2308494267.0,3396081474.0,175609227.0,270273074.99999994,323559771.00000006,883363451.0000001,1674504339.0
2021-04-01,13932.854624,6572.178465,7360.676159,2955.0711978990175,1375.408447667832,1579.662750231185,39.790797275284625,52.7301253118614,56.1776424793444,13932854624.000002,5274180373.000001,1854788823.0,697404942.0,1703331046.0,1966054468.9999998,122522196.00000001,167254674.0,242245566.0,645225055.9999999,1259847479.0
2021-05-01,7468.833466,1807.075235,5661.758231,1553.1861222715759,379.1145644340697,1174.071557837506,20.9140524824017,26.9206585620317,56.329992313209,7468833466.0,2662938351.0,1083069300.0,494556628.00000006,1157837784.0,905450104.0,51700720.00000001,74990375.99999999,59825712.999999985,433066234.99999994,545398255.0
2021-06-01,15808.510284,8404.4842,7404.026084,3158.1902697227633,1668.0087737475467,1490.181495975217,42.52584806371536,37.4151532838275,57.5258766705038,15808510283.999998,6716600748.0,2418545913.0,783943984.0,1657915412.0,1958610879.0000002,124336205.0,165482846.00000003,181951021.0,721463245.0,1079660031.0
2021-07-01,26130.351473,15174.066906,10956.284567,5177.686754734127,2987.9511931063234,2189.735561627803,69.71889007582294,58.4865575029961,59.9790646948776,26130351473.000004,10929373448.0,3628542922.0,1227163630.0,3537280618.0,2700184045.0,271602018.0,302153684.0,992373281.9999999,953724389.0,1587953437.0
2021-08-01,25577.03392,15086.706005,10490.327915,4854.904836715513,2841.6056735599154,2013.2991631555974,65.37254814228922,67.2466147360564,63.4464875554008,25577033919.999996,10140177631.999998,3822576456.0,1348775830.9999998,3196059705.0,2939224519.9999995,478941237.0,325698906.00000006,643701316.0000001,1043013479.0,1638864838.0000002
2021-09-01,24636.417591,14659.442288,9976.975303,4468.778836708377,2628.053809135754,1840.7250275726228,60.1732617765583,72.4556785621094,67.3663122717826,24636417590.999996,10516445428.0,3403139848.9999995,1124399400.0,3081385970.9999995,2702715351.0,214036372.0,263318858.9999999,521493416.9999999,1142025504.9999998,1667457439.0
2021-10-01,34962.681978,21201.465966,13761.216012,6054.8696495344275,3612.297191532177,2442.5724580022506,81.53038441990569,71.5253353951599,71.2163297542465,34962681978.0,16016127154.000004,4533514533.0,1404498907.0000002,3918060205.0,3689860516.0,280604922.0,363647025.0,726303708.0,1738361536.0,2291703471.9999995
2021-11-01,31183.260665,18933.506459,12249.754206,5230.982577941032,3135.64665286791,2095.335925073121,70.43653210703799,75.6504628919208,74.7738351706643,31183260665.0,14119535793.0,3585658646.0,1563682286.0,3821809625.0000005,3413949342.0000005,285904214.99999994,334731748.0000001,766998547.9999999,1268777192.0,2022213270.0
2021-12-01,53690.289092,33619.335697,20070.953395,8620.843081723553,5315.645183022451,3305.197898701102,116.08187973636231,77.4456786053822,78.0463598258122,53690289092.00001,26327688781.0,6221528683.999999,2027257904.0,5363836360.0,4306266270.999999,1068325976.0000001,769901497.0,1562422952.9999998,2527470672.0,3515589994.0
2022-01-01,31340.669629,18036.663802,13304.005827,4927.373192636601,2792.4413976366923,2134.931794999909,66.3483532807168,76.279404283572,81.0381515568672,31340669629.000004,11613190498.0,3530159870.0,1680737299.0000002,4775193300.000001,4005783363.9999995,429543100.00000006,528165588.99999994,1199186903.0000002,1237701761.0,2341007945.0000005
2022-02-01,35138.360093,20813.759665,14324.600428,5325.876103531911,3115.1461840385846,2210.7299194933257,71.71429794977243,81.8337476055023,83.7687312459578,35138360093.0,13298167510.000002,5110935699.999999,1785094596.9999998,5176071303.000001,3892265371.0,382316481.99999994,576672274.0,1092509539.0000002,1306048900.0000002,2518278417.0000005
2022-03-01,40973.522555,25100.425145,15873.09741,5716.095149768076,3422.335237841619,2293.759911926457,76.96869824062755,87.4336021311337,86.0348873769678,40973522555.00001,17184234011.0,5316586214.000001,1892590753.9999998,5381127482.0,5059287057.0,336637513.99999994,529120462.00000006,1206247167.0000002,1448188475.9999998,2619503418.0
2022-04-01,46059.42252,28393.119057,17666.303463,5915.712094400275,3547.6111327147887,2368.1009616854876,79.6565919814683,88.77927547908,87.4450272202754,46059422519.999985,20714156231.999996,5809252203.0,1940511124.0,5988443824.0,5128613561.000001,372604972.00000006,484339830.0,1303688328.0,1635436701.0,2682375745.0000005
2022-05-01,48704.036293,29880.061346,18823.974947,5964.073687086346,3577.300202753487,2386.7734843328594,80.3077933237065,87.6582510984479,87.6927802964845,48704036293.000015,21582372599.000004,5887529396.999999,2056052265.0000002,6415335987.0,5607039355.999999,399090556.0,469024217.99999994,1819153417.0,1692384592.0,2776053906.0
2022-06-01,58002.425842,35300.414235,22702.011607,6766.769551539999,4024.218501592691,2742.551049947307,91.1163005565925,87.3922854709907,86.6791620580219,58002425841.999985,25158344099.0,6785808413.999999,2500526419.0,7725775938.999999,6802540172.0,461903088.99999994,568086148.0,2633148664.0000005,2190451472.9999995,3175841424.9999995
2022-07-01,69967.223574,43831.884685,26135.338889,7594.49960399468,4648.0289703515455,2946.4706336431345,102.26189959979041,87.2767386171302,84.7114539455253,69967223573.99998,26564803602.999996,8442339800.999998,3272380039.0,11391535197.0,7294195413.999999,675387758.0,763378289.0,5433774149.0,2352428490.0,3777000834.0
2022-08-01,56968.819715,35529.230159,21439.589556,5614.827812580499,3436.8170516755195,2178.0107609049783,75.60510737773947,78.0200605526734,82.4849374982818,56968819715.0,22536283853.0,7147733495.0,2691329485.9999995,8354584674.999998,6457831655.0,1072663912.9999999,723864573.0000001,2072948459.0000002,2326224284.0,3585355322.0
2022-09-01,55680.503708,34753.198565,20927.305143,5054.67850641247,3091.930549556821,1962.747956855649,68.06255222662496,79.7267949925977,80.8321703755972,55680503708.0,23453509706.999996,6879381358.0,2412216118.0000005,7847237857.999999,6399592067.0,453634614.99999994,564518522.0,1410400426.0000002,2506127926.0,3753885110.9999995
2022-10-01,76918.361338,48265.811125,28652.550213,6548.61995631776,4032.9904501068972,2515.6295062108643,88.17885988668749,78.9907923378943,80.4331859389041,76918361338.0,33860649917.000004,9281722709.999998,3032033858.9999995,9743574252.0,8705861562.999998,546819620.0,782911945.0000001,1948669989.0,3954683847.0000005,5061433636.0
2022-11-01,68725.279053,43683.624965,25041.654088,5606.2448591445145,3497.5079065281006,2108.736952616414,75.48953569187374,80.3112303340186,81.5311370802251,68725279053.00002,30432202045.0,7486197055.0,3265503574.9999995,9045367667.0,8854046876.0,535132536.99999994,655594122.0,1557023318.0,2536548568.0,4357663290.0
2022-12-01,114723.994519,73174.144122,41549.850397,8808.400980849097,5518.34481292073,3290.0561679283696,118.6073953133775,77.8623847898836,84.0221129591813,114723994518.99998,55732955255.999985,13006122942.0,4329095910.0,12695423515.0,10908957136.0,2105055530.0,1607802485.0000002,1970043362.0,5376741082.0,6991797301.0
2023-01-01,78536.733997,47763.002405,30773.731592,5976.520525291969,3582.0506382319263,2394.469887060042,80.47539321643,93.6395410735793,87.4206236504903,78536733996.99998,29377195075.999996,8475577714.000001,3886556844.999999,13364956070.0,9648305519.000002,916237691.9999999,1199983440.0,3777275605.0,2729280725.0,5161365311.0
2023-02-01,81817.454753,50045.252303,31772.20245,5861.679756982493,3532.0346660745586,2329.6450909079344,78.92903259608721,91.762272524759,90.9852962506167,81817454753.00002,29011652488.000008,11036902530.000002,4161887413.0000005,13429559102.0,10872302867.999998,810065302.0000001,1289214573.0000002,3160381426.0,2820503492.9999995,5224985558.0
2023-03-01,92678.128271,58474.796652,34203.331619,6111.056568215029,3790.4737269190405,2320.582841295988,82.28695579873819,94.4127011151842,94.0388639072057,92678128271.0,35214067543.00001,11584271506.0,4623846922.000001,13988258694.0,13638083325.000002,721669961.0000001,1104087436.0,2692161568.0,3458189509.9999995,5653491806.0
2023-04-01,114148.959734,72484.266647,41664.693087,6827.6746576265805,4234.32767870354,2593.3469789230394,91.93640354803443,96.8608974064392,96.1530942812823,114148959734.0,48435005708.00001,13671262923.999998,5284864164.000001,16060713466.0,13897846249.000002,815116741.9999998,1278723628.9999998,4302828414.0,4472379771.000001,5930218667.0
2023-05-01,121169.065153,76956.237897,44212.827256,6710.1609825684545,4152.691198418353,2557.469784150101,90.35405154763728,97.3589943844971,97.1464652391031,121169065153.0,51064169015.0,14128693914.000002,5564523500.000001,16919938427.000002,14832743947.0,928276310.0000001,1330166425.9999998,5895230449.000001,4073262777.0000005,6432060388.0
2023-06-01,144707.59697,90159.613991,54547.982979,7560.4386847585465,4602.079902535076,2958.3587822234717,101.80326052087467,97.114914998082,97.0529890861971,144707596970.00003,63357947322.99999,17975933848.999996,5655481598.0,19248909718.000004,16500342970.000002,1035490575.9999996,1535258852.9999998,5681669433.0,6303598218.0,7412964432.0
2023-07-01,166974.218767,105549.369981,61424.848786,8397.79132503282,5188.738803716929,3209.0525213158903,113.0784301955569,99.3668193853334,96.022278245894,166974218766.99997,63774135100.99999,20005778416.999996,6746271406.0,28391636699.000004,18913643240.0,1623941896.0,1929494486.9999998,10312800213.999998,6234147032.0,9042370275.000002
2023-08-01,147040.073975,94582.719994,52457.353981,6529.994686853482,4128.200121693291,2401.7945651601904,87.92806582054872,91.7447945773964,94.2081148023373,147040073975.0,55503835925.000015,19181555922.000004,7117308777.0,21665258605.0,18265402909.0,2617991108.9999995,1963927292.0,5365172463.0,6371710297.0,8987910676.000002
2023-09-01,156902.092432,100310.216229,56591.876203,6055.654204865474,3786.7954571639148,2268.8587477015585,81.5409486601687,91.9048152851011,91.8348705379776,156902092432.0,61214369912.99999,20966087008.000004,7372619425.0,23843355350.0,18220813629.0,1271689952.0,1757663464.0,5257618667.000001,6937841380.0,10060033644.000002
2023-10-01,227129.704728,144702.393976,82427.310752,7882.477488538498,4914.648871121294,2967.828617417204,106.13959622916276,98.6080808955278,89.1432110431468,227129704728.0,93755536310.0,29866298683.0,10629884976.000002,26723146094.0,31359144197.000004,1459167633.0000002,2306541988.000001,4860802051.000001,11623093314.0,14546089482.0
2023-11-01,208151.04778,134820.558288,73330.489492,6506.674628533654,4138.644890015183,2368.029738518471,87.61405520932833,93.5497919307488,86.4281694239238,208151047780.0,90469944450.99998,23883299453.000004,9825121106.999998,28597070511.0,24861074077.0,1658091510.0,2209064476.0,4893062696.999999,8488255239.999999,13266064258.000004
2023-12-01,340665.098857,222402.085032,118263.013825,8776.697957836108,5590.731012410148,3185.9669454259597,118.18050591639089,72.6133322856417,84.0436947543403,340665098857.0,163959413791.99997,39718499246.99999,12427352056.0,39090116513.0,26718909787.0,6402066953.0,5665865039.999999,6947738595.0,18324524298.0,21410612575.999996
2024-01-01,202665.15134314005,123719.25410503,78945.89723811,4577.0308935869225,2749.824329645662,1827.2065639412592,61.63090369494905,76.285622378545,82.3698257666071,202665151343.13998,75533786617.95001,24493416287.0,9235051091.380001,36246143460.57,21322060978.969997,2369446648.8399997,3682549967.8799996,7422433780.640001,9327449754.039999,13032812755.869999
2024-02-01,232492.30891276998,142600.62862443,89891.68028834,4835.834782244368,2926.0231105444363,1909.8116716999325,65.11576493109978,82.0214853830359,81.6921321538924,232492308912.77,82979947929.42,33818303798.21,10060756272.070002,41078994050.84998,24466330393.750004,2330643170.7599998,4105399973.2699995,7658150603.23,10368667324.8,15625115396.41
2024-03-01,286432.45730779995,182426.31659343996,104006.14071436002,5424.6001200904875,3395.2871349611646,2029.312985129323,73.04364234319249,77.7034973160385,82.1152672339731,286432457307.7999,109624238943.77,40891862267.759995,12919076671.23,46930113724.32,29301119168.24,2305595302.1000004,4193790833.8299994,9588545330.07,13500735054.43,17177380012.050001
2024-04-01,298158.66229733,188994.55463361,109164.10766372,5206.420197724304,3230.4161747522066,1976.0040229720973,70.10579331045767,81.4966882902866,83.5382807307596,298158662297.33,123030177420.37001,41655399480.89,12186496531.11,46287918453.270004,29779975210.609997,2249002739.18,3606366278.51,8203887808.179999,14679588892.54,16479849482.670004
2024-05-01,347718.27087032,216737.78231353004,130980.48855678995,5862.491116540355,3588.65529193544,2273.8358246049147,78.93995776219055,85.9671694622526,85.6076886462579,347718270870.32,146123164524.17,47683711039.45,16155573900.100002,49921880752.100006,39540498485.71,2427823572.72,3518699247.03,9943697366.429998,14681210722.03,17722011260.579998
2024-06-01,463820.2056769001,288908.48456779006,174911.72110911005,7612.479335227692,4662.869194185282,2949.61014104241,102.50400132683694,91.8499310743376,87.8950240479068,463820205676.8999,177415156800.61002,69967234395.29997,17500938914.399998,69011495933.87999,50203153490.31,3532911795.76,4918868375.670001,25909256181.860004,22830719697.400005,22530470091.71
2024-07-01,482023.0573836901,297027.24772925,184995.8096544401,7697.891943112674,4683.084755129234,3014.8071879834406,103.65410416277577,92.7311223609126,90.0338578668212,482023057383.68994,175533708252.19998,64986376373.689995,19051466631.670002,82202275733.69002,52286361140.729996,4342183863.759999,5592147540.31,29709735085.830006,21062127535.850002,27256675225.960003
2024-08-01,448399.27331384993,279276.15122650994,169123.12208734002,6893.395828509909,4256.138517961464,2637.2573105484453,92.82135609644415,94.3092376445835,91.782999721115,448399273313.85,162270293360.91998,64746427958.19,20335649630.11,68037692609.229996,53672953506.979996,7874670086.800001,5800673287.979999,17226715624.86,21515023975.37,26919173273.409996
2024-09-01,409547.9172331799,254300.24766251,155247.66957066988,5976.289586932691,3661.1776242936894,2315.1119626390023,80.47228357174747,89.1057247964496,93.0313687131019,409547917233.18,157964690807.41,60175057634.16001,17718368388.260002,61189656296.57001,48238822635.0,3273415443.4500003,4414973485.849999,9803987321.5,21361472216.54,25407473004.440002
2024-10-01,514285.57219502,318340.6468161899,195944.92537883006,7247.431017413875,4425.602565960477,2821.828451453399,97.5885313983491,92.9000345494036,93.7498908055279,514285572195.01996,217212140720.34,72605392778.49998,19511676410.13,65316681199.16999,56583727892.81,3536841361.53,4788959378.329999,11028015859.280003,31820239682.450005,31881896912.480003
2024-11-01,487802.7406144699,305242.00441393995,182560.73620052997,6742.101612961344,4165.196481553279,2576.9051314080643,90.78414038939236,94.6229405528985,93.9968985851704,487802740614.4699,196857480408.11996,61821327847.91,22459958081.409996,70869843777.71,57718986825.649994,3950537579.56,4589104635.860001,14767777495.74,21826665716.95,32941058245.56
2024-12-01,753989.7535946699,479137.2964065199,274852.45718815,10250.685083194581,6423.7869113649485,3826.8981718296327,138.0281234401981,94.1229016349903,93.8206658355514,753989753594.6699,335323156755.02,96774714203.03,28670107075.629997,89024312578.27002,71654065247.26999,14653765582.439999,10755362907.48,16926260549.400002,41249530937.979996,48958477758.149994
2025-01-01,424741.71820204007,253211.34806079004,171530.37014125,5683.211248089085,3370.3939311260815,2312.8173169630027,76.52590800726212,93.2324291399845,93.2718469067278,424741718202.04,140441999798.87997,48311662093.52,20088670469.62,77724400396.33,56373527417.53001,5704006340.450001,7099515228.929999,18504518707.35,18232910758.649998,32260506990.780003
2025-02-01,420651.41704352,253839.02227898999,166812.39476453,5563.934045640326,3344.069938890486,2219.8641067498397,74.91980965485152,92.4743210363943,92.4326246742579,420651417043.52,132691802022.11998,56558202574.700005,20010715084.670002,75571936110.04,61335870754.52,4279828374.9699993,6653579828.83,14289760066.829998,19116709929.109997,30143012297.73
2025-03-01,533618.9070031401,332884.55550638,200734.35149676006,6864.793566832053,4252.127833906647,2612.6657329254062,92.43621925207728,103.310115039369,91.416996146557,533618907003.13995,188076528555.33,72694369405.40999,27612211391.630005,89290946650.66998,69555189044.52,4908496431.929998,7068600009.379998,16511801055.210003,22905678852.819996,34995085606.24
2025-04-01,498004.68270068,308590.06278199994,189414.61991868002,6206.219390489794,3800.989642493127,2405.2297479966664,83.5683477909079,91.9862051985794,90.3945199306973,498004682700.68005,191367369426.03003,63787219485.75,21661003450.16,82261217419.48,57609379016.19,4070281673.08,5238243239.28,18378089724.81,22104623333.420002,31527255932.48
2025-05-01,503609.15996036003,310233.50836899,193375.65159137003,6209.130412043644,3796.7731939161636,2412.357218127481,83.60754544834357,87.6172307968297,89.5134839578475,503609159960.36005,186158489886.38998,63116941337.299995,24800458451.760002,83454239824.07,62114680716.48,4149330237.6799994,5110627454.61,24051673653.080006,21931566466.24,28721151932.750004
2025-06-01,604594.81941717,370345.69256097,234249.12685620005,7415.377889655894,4498.047007873962,2917.330881781933,99.84997943085386,90.3594654550553,88.849261388893,604594819417.17,237279391249.81003,84607002959.77997,24437993373.030003,95664025182.04,60716027611.95,5147147269.5,6247720704.24,28203371232.969997,29652207036.809998,32639932797.039997
2025-07-01,575655.2161318499,350605.76051576,225049.45561608992,6959.4975197697495,4212.3050074578905,2747.192512311859,93.71143245005071,85.3470024096257,88.3889667071244,575655216131.85,197671811478.43997,71772496897.06,25337768075.309998,114067911161.69998,54420350684.74,6317165022.19,6630242600.34,38225653118.78,27455830355.600002,33755986737.69
2025-08-01,561780.6434745,346855.85771461,214924.78575989007,6772.626371816664,4164.958718022634,2607.6676537940302,91.19516415503041,88.3685446591326,88.1994760670015,561780643474.4999,187227269676.77997,76666058158.84001,27465463177.32,103194946208.68001,60254756803.46,10790900154.14,7299717219.2,28662516837.309994,27438848835.690002,32780166403.08
2025-09-01,488197.7593246,300407.02167473006,187790.73764986993,5780.868718753679,3529.66730805597,2251.201410697709,77.84089108462237,88.5542804525123,88.2937170845113,488197759324.6,171854135947.98,66512220672.01999,23516309500.109997,88289594900.17,49890081241.30999,4172508031.47,5244872327.700001,22658303689.31,25592444895.100002,30467288119.43
2025-10-01,590751.3130391601,366461.2599672401,224290.05307191995,6894.940911642566,4233.921030117151,2661.0198815254153,92.84216104007757,88.0746333468399,88.6538694921632,590751313039.16,235520541732.11,79053301028.31,27141555901.060005,90681256266.32999,60479916164.14,4420176978.01,6241495039.789999,12971223707.12,36339566709.11,37902279513.18
2025-11-01,572044.1077956901,362577.49216160004,209466.61563409003,6587.613182272947,4134.564935634461,2453.0482466384856,88.703913750092,88.769569086893,89.2247185636697,572044107795.69,225045273854.43002,70508221880.35,31865775320.49,97639863295.95,57275901535.27999,5024282288.929998,6415451734.15,15911773587.42,26749926305.55,35607637993.14
2025-12-01,881262.58974461,560302.4088668,320960.18087781005,10085.533543121666,6340.424914088816,3745.1086290328503,135.80431527766902,91.7796854644766,89.889152551481,881262589744.61,387695106746.6001,109711078329.24002,38655278026.67999,120103525675.63998,70985367362.45,16992144882.009998,13281342194.71,22579844097.35,49918346283.12999,51340556146.799995
2026-01-01,512767.50225816004,308450.87180851,204316.63044965008,5677.355409745614,3406.8809510719857,2270.4744586736288,76.4470576308084,91.2908776594254,90.5069865972043,512767502258.16,169249885254.05,57251592625.33001,28918977938.32,105202109565.68999,54995235220.079994,6647735779.38,9181551535.82,21925867638.910004,24480072087.750004,34914474612.829994
2026-02-01,496399.89859273,296325.28500256006,200074.61359016993,5454.809806283347,3248.6826732375557,2206.127133045791,73.45042357401519,89.8586396718526,90.8972527481389,496399898592.7299,160077485164.55002,72933029047.72998,25387745155.48,98793604601.84999,49000611765.909996,5343734216.67,8792846983.120003,19067574550.149998,25438124816.129997,31565142291.139996
2026-03-01,553016.0641771301,343601.91248649004,209414.15169064008,5953.5340318086,3678.6342545864645,2274.899777222136,80.16587414192627,91.4473640045762,90.9226623526321,553016064177.13,182371874514.89996,83776525433.94002,32154584415.36,98848891169.86,64121230173.93,4660392360.69,7784769520.780001,17108003941.439999,27846636867.809998,34343155778.42
2026-04-01,561015.8869474399,349097.33706234995,211918.54988508995,5840.544519772575,3583.3375716582746,2257.2069481143,78.64444116567336,90.7900497308298,90.5589801721228,561015886947.44,201618640678.69998,80026900559.83002,30322349348.32,100629362614.3,51356710876.579994,4673676715.110002,6697228623.699999,23253455675.280003,29154192609.16,33283369246.460003
2026-05-01,670215.3566804598,419489.5187741,250725.83790635978,6944.925151850577,4293.200320252977,2651.7248315976,93.51521175049365,92.9243268136241,89.9248544329798,670215356680.4601,242985002115.53003,92136152884.81999,39261413678.23,117058944117.02,67796375552.01999,5554639175.880001,6841903360.54,28989123391.100002,32220608413.79,37371193991.52999
2026-06-01,685446.5341880999,417679.61351637,267766.92067172995,7048.212509930154,4236.197100866112,2812.0154090640413,94.90600271666942,87.3784182717147,89.2238263690084,685446534188.1,231046842316.50003,116631960294.58,35015476283.8,116361261390.18002,65313477057.88,5399314484.92,7000062641.879999,36427169986.350006,36353002358.01,35897967374.0
2026-07-01,707773.5417159699,438013.93944861,269759.6022673599,7093.816202496062,4362.211454274087,2731.604748221975,95.52006822114345,87.8356999477314,88.6204909890629,707773541715.97,216881993243.41003,104976971322.51999,38428684675.17,147544089164.02997,55273726119.100006,7051454587.150001,8244080317.669999,55474919310.61,33930752204.09,39966870772.22
